{
    "('EMU03', 'OS01')": {
        "min_Eg": 8751658.0,
        "max_Eg": 8839392.0,
        "mean_Eg": 8796011.4391796328,
        "diff": 87734.0
    },
    "('EMU03', 'OS05')": {
        "min_Eg": 1448849.1200000001,
        "max_Eg": 1461906.1200000001,
        "mean_Eg": 1455451.7233749132,
        "diff": 13057.0
    },
    "('EMU06', 'OS01')": {
        "min_Eg": 109077.05,
        "max_Eg": 110114.3,
        "mean_Eg": 109621.0455091938,
        "diff": 1037.25
    },
    "('EMU05', 'OS01')": {
        "min_Eg": 590160.5600000001,
        "max_Eg": 605703.25,
        "mean_Eg": 598015.1716619519,
        "diff": 15542.6899999999
    },
    "('EMU02', 'OS01')": {
        "min_Eg": 791615.1899999999,
        "max_Eg": 819176.0600000001,
        "mean_Eg": 805551.7167468176,
        "diff": 27560.8700000001
    },
    "('EMU02', 'OS05')": {
        "min_Eg": 113818.08,
        "max_Eg": 114288.28,
        "mean_Eg": 114058.9797716895,
        "diff": 470.2
    },
    "('EMU04', 'OS01')": {
        "min_Eg": 51.52,
        "max_Eg": 51.52,
        "mean_Eg": 51.52,
        "diff": 0.0
    },
    "('EMU01', 'OS01')": {
        "min_Eg": 408222.81,
        "max_Eg": 412853.09,
        "mean_Eg": 410566.1382036775,
        "diff": 4630.28
    },
    "('EMU01', 'OS3')": {
        "min_Eg": 1169477.1200000001,
        "max_Eg": 1180698.0,
        "mean_Eg": 1175186.6635809019,
        "diff": 11220.8799999999
    },
    "('EMU01', 'OS05')": {
        "min_Eg": 524980.1899999999,
        "max_Eg": 530239.5600000001,
        "mean_Eg": 527665.4227581427,
        "diff": 5259.3700000001
    }
}