{
  "equipment_id": "Ahu1",
  "target_column": "FbVFD",
  "selected_features": [
    "CMDSpdVFD",
    "PIDVFD",
    "CmdCHW",
    "PIDTR",
    "SpTROcc",
    "SpTREff",
    "hour",
    "TSu",
    "TsOn",
    "HuSu",
    "CmdVFD",
    "StaFlw",
    "StaVFDSf",
    "TempSp1",
    "TrAvg",
    "HuR1",
    "HuAvg1",
    "TempSp2",
    "HuR2",
    "SpMinVFD"
  ],
  "feature_scores": {
    "CMDSpdVFD": {
      "correlation": 0.9975653556424128,
      "mutual_info": 2.12319900302465
    },
    "PIDVFD": {
      "correlation": 0.9925411024366824,
      "mutual_info": 1.9375926004239385
    },
    "CmdCHW": {
      "correlation": 0.7253996442855879,
      "mutual_info": 1.3466421644575943
    },
    "PIDTR": {
      "correlation": 0.5975645018876266,
      "mutual_info": 1.210773155626601
    },
    "SpTROcc": {
      "correlation": -0.6772016855239071,
      "mutual_info": 0.776649130370815
    },
    "SpTREff": {
      "correlation": -0.6768581526840095,
      "mutual_info": 0.7748980376406371
    },
    "hour": {
      "correlation": 0.3518793023599709,
      "mutual_info": 0.7524988127166958
    },
    "TSu": {
      "correlation": -0.35236927866272466,
      "mutual_info": 0.5603095353032979
    },
    "TsOn": {
      "correlation": 0.5502489928586803,
      "mutual_info": 0.4912785271903348
    },
    "HuSu": {
      "correlation": 0.3237309426535471,
      "mutual_info": 0.4515062420209617
    },
    "CmdVFD": {
      "correlation": -0.7781504001609387,
      "mutual_info": 0.39313461200097
    },
    "StaFlw": {
      "correlation": -0.7781504001609387,
      "mutual_info": 0.39035053390988694
    },
    "StaVFDSf": {
      "correlation": -0.7781504001609387,
      "mutual_info": 0.3906884579033032
    },
    "TempSp1": {
      "correlation": -0.5314061357829541,
      "mutual_info": 0.3939613816686425
    },
    "TrAvg": {
      "correlation": -0.43365067481611663,
      "mutual_info": 0.3103835056403872
    },
    "HuR1": {
      "correlation": 0.3184004415583522,
      "mutual_info": 0.2575319686944946
    },
    "HuAvg1": {
      "correlation": 0.2968212893781791,
      "mutual_info": 0.2089747733307794
    },
    "TempSp2": {
      "correlation": -0.2438627697852192,
      "mutual_info": 0.30878707033119746
    },
    "HuR2": {
      "correlation": 0.21629503217019397,
      "mutual_info": 0.24757408962809446
    },
    "SpMinVFD": {
      "correlation": 0.1693956625306777,
      "mutual_info": 0.17803093351100507
    }
  },
  "setpoints": [
    "HuR2",
    "SpTREff",
    "TempSp2"
  ],
  "setpoint_ranges": {
    "HuR2": {
      "min": 58.57999801635742,
      "max": 90.6199951171875,
      "lookup": [
        58.57999801635742,
        60.18199787139893,
        61.78399772644043,
        63.38599758148193,
        64.98799743652344,
        66.58999729156494,
        68.19199714660644,
        69.79399700164795,
        71.39599685668945,
        72.99799671173096,
        74.59999656677246,
        76.20199642181396,
        77.80399627685547,
        79.40599613189697,
        81.00799598693848,
        82.60999584197998,
        84.21199569702148,
        85.81399555206299,
        87.41599540710449,
        89.017995262146,
        90.6199951171875
      ]
    },
    "SpTREff": {
      "min": 18.0,
      "max": 27.0,
      "lookup": [
        18.0,
        18.45,
        18.9,
        19.35,
        19.8,
        20.25,
        20.7,
        21.15,
        21.6,
        22.05,
        22.5,
        22.95,
        23.4,
        23.85,
        24.3,
        24.75,
        25.2,
        25.65,
        26.1,
        26.55,
        27.0
      ]
    },
    "TempSp2": {
      "min": 16.279998779296875,
      "max": 22.13500022888184,
      "lookup": [
        16.279998779296875,
        16.572748851776122,
        16.86549892425537,
        17.15824899673462,
        17.450999069213868,
        17.743749141693115,
        18.036499214172366,
        18.329249286651613,
        18.62199935913086,
        18.914749431610108,
        19.207499504089355,
        19.500249576568606,
        19.792999649047854,
        20.0857497215271,
        20.378499794006352,
        20.6712498664856,
        20.963999938964847,
        21.256750011444094,
        21.54950008392334,
        21.842250156402592,
        22.13500022888184
      ]
    }
  }
}