{
  "equipment_id": "Ahu1",
  "target_column": "FbVFD",
  "selected_features": [
    "CMDSpdVFD",
    "PIDVFD",
    "CmdCHW",
    "PIDTR",
    "hour",
    "SpTROcc",
    "SpTREff",
    "TSu",
    "TsOn",
    "HuSu",
    "CmdVFD",
    "StaFlw",
    "StaVFDSf",
    "TempSp1",
    "TrAvg",
    "TempSp2",
    "SpMinVFD",
    "HuR1",
    "HuAvg1",
    "Co2RA"
  ],
  "feature_scores": {
    "CMDSpdVFD": {
      "correlation": 0.9984385152794693,
      "mutual_info": 2.1814238665135774
    },
    "PIDVFD": {
      "correlation": 0.9945471445951708,
      "mutual_info": 1.9906681253172
    },
    "CmdCHW": {
      "correlation": 0.6956699793769512,
      "mutual_info": 1.2978844068453967
    },
    "PIDTR": {
      "correlation": 0.5479839491371672,
      "mutual_info": 1.1796541942229384
    },
    "hour": {
      "correlation": 0.3409681859927031,
      "mutual_info": 0.7656802642610496
    },
    "SpTROcc": {
      "correlation": -0.6516556865377421,
      "mutual_info": 0.7157429358972522
    },
    "SpTREff": {
      "correlation": -0.6513314964514825,
      "mutual_info": 0.7024411622980091
    },
    "TSu": {
      "correlation": -0.33752952969768063,
      "mutual_info": 0.5293140114420645
    },
    "TsOn": {
      "correlation": 0.5463994454642749,
      "mutual_info": 0.502789186337824
    },
    "HuSu": {
      "correlation": 0.2604507033442831,
      "mutual_info": 0.4379293613902302
    },
    "CmdVFD": {
      "correlation": -0.7810276652868507,
      "mutual_info": 0.3848086879860808
    },
    "StaFlw": {
      "correlation": -0.7810276652868507,
      "mutual_info": 0.367452976872088
    },
    "StaVFDSf": {
      "correlation": -0.7810276652868507,
      "mutual_info": 0.3862065947851292
    },
    "TempSp1": {
      "correlation": -0.5259296199856371,
      "mutual_info": 0.34252880867590907
    },
    "TrAvg": {
      "correlation": -0.42460183402803203,
      "mutual_info": 0.3025600393697765
    },
    "TempSp2": {
      "correlation": -0.2338717809124795,
      "mutual_info": 0.2980018328375227
    },
    "SpMinVFD": {
      "correlation": 0.2197845688541473,
      "mutual_info": 0.2596266173204813
    },
    "HuR1": {
      "correlation": 0.21151945832009567,
      "mutual_info": 0.23994222929875964
    },
    "HuAvg1": {
      "correlation": 0.1763524382645474,
      "mutual_info": 0.19912247019890206
    },
    "Co2RA": {
      "correlation": 0.12625820638497837,
      "mutual_info": 0.23489606189978485
    }
  },
  "setpoints": [
    "SpMinVFD",
    "SpTREff",
    "SpTROcc"
  ],
  "setpoint_ranges": {
    "SpMinVFD": {
      "min": 50.0,
      "max": 80.0,
      "lookup": [
        50.0,
        51.5,
        53.0,
        54.5,
        56.0,
        57.5,
        59.0,
        60.5,
        62.0,
        63.5,
        65.0,
        66.5,
        68.0,
        69.5,
        71.0,
        72.5,
        74.0,
        75.5,
        77.0,
        78.5,
        80.0
      ]
    },
    "SpTREff": {
      "min": 18.0,
      "max": 27.0,
      "lookup": [
        18.0,
        18.45,
        18.9,
        19.35,
        19.8,
        20.25,
        20.7,
        21.15,
        21.6,
        22.05,
        22.5,
        22.95,
        23.4,
        23.85,
        24.3,
        24.75,
        25.2,
        25.65,
        26.1,
        26.55,
        27.0
      ]
    },
    "SpTROcc": {
      "min": 18.0,
      "max": 27.0,
      "lookup": [
        18.0,
        18.45,
        18.9,
        19.35,
        19.8,
        20.25,
        20.7,
        21.15,
        21.6,
        22.05,
        22.5,
        22.95,
        23.4,
        23.85,
        24.3,
        24.75,
        25.2,
        25.65,
        26.1,
        26.55,
        27.0
      ]
    }
  }
}