{
  "equipment_id": "Ahu1",
  "target_column": "FbVFD",
  "selected_features": [
    "CMDSpdVFD",
    "PIDVFD",
    "CmdCHW",
    "PIDTR",
    "hour",
    "SpTROcc",
    "SpTREff",
    "TSu",
    "TsOn",
    "HuSu",
    "CmdVFD",
    "StaFlw",
    "StaVFDSf",
    "TempSp1",
    "TrAvg",
    "TempSp2",
    "SpMinVFD",
    "HuR1",
    "HuAvg1",
    "Co2RA",
    "HuR2"
  ],
  "feature_scores": {
    "CMDSpdVFD": {
      "correlation": 0.9984385152794693,
      "mutual_info": 2.1814238665135774
    },
    "PIDVFD": {
      "correlation": 0.9945471445951708,
      "mutual_info": 1.9906681253172
    },
    "CmdCHW": {
      "correlation": 0.6956699793769512,
      "mutual_info": 1.2978844068453967
    },
    "PIDTR": {
      "correlation": 0.5479839491371672,
      "mutual_info": 1.1796541942229384
    },
    "hour": {
      "correlation": 0.3409681859927031,
      "mutual_info": 0.7656802642610496
    },
    "SpTROcc": {
      "correlation": -0.6516556865377421,
      "mutual_info": 0.7157429358972522
    },
    "SpTREff": {
      "correlation": -0.6513314964514825,
      "mutual_info": 0.7024411622980091
    },
    "TSu": {
      "correlation": -0.33752952969768063,
      "mutual_info": 0.5293140114420645
    },
    "TsOn": {
      "correlation": 0.5463994454642749,
      "mutual_info": 0.502789186337824
    },
    "HuSu": {
      "correlation": 0.2604507033442831,
      "mutual_info": 0.4379293613902302
    },
    "CmdVFD": {
      "correlation": -0.7810276652868507,
      "mutual_info": 0.3848086879860808
    },
    "StaFlw": {
      "correlation": -0.7810276652868507,
      "mutual_info": 0.367452976872088
    },
    "StaVFDSf": {
      "correlation": -0.7810276652868507,
      "mutual_info": 0.3862065947851292
    },
    "TempSp1": {
      "correlation": -0.5259296199856371,
      "mutual_info": 0.34252880867590907
    },
    "TrAvg": {
      "correlation": -0.42460183402803203,
      "mutual_info": 0.3025600393697765
    },
    "TempSp2": {
      "correlation": -0.2338717809124795,
      "mutual_info": 0.2980018328375227
    },
    "SpMinVFD": {
      "correlation": 0.2197845688541473,
      "mutual_info": 0.2596266173204813
    },
    "HuR1": {
      "correlation": 0.21151945832009567,
      "mutual_info": 0.23994222929875964
    },
    "HuAvg1": {
      "correlation": 0.1763524382645474,
      "mutual_info": 0.19912247019890206
    },
    "Co2RA": {
      "correlation": 0.12625820638497837,
      "mutual_info": 0.23489606189978485
    },
    "HuR2": {
      "correlation": 0.09477466780966777,
      "mutual_info": 0.2641722853432391
    }
  },
  "setpoints": [
    "HuR2",
    "SpTREff",
    "TempSp2"
  ],
  "setpoint_ranges": {
    "HuR2": {
      "min": 51.57999801635742,
      "max": 90.6199951171875,
      "lookup": [
        51.57999801635742,
        53.53199787139893,
        55.48399772644043,
        57.435997581481935,
        59.387997436523435,
        61.33999729156494,
        63.29199714660645,
        65.24399700164795,
        67.19599685668945,
        69.14799671173095,
        71.09999656677246,
        73.05199642181397,
        75.00399627685547,
        76.95599613189697,
        78.90799598693847,
        80.85999584197998,
        82.81199569702149,
        84.763995552063,
        86.71599540710449,
        88.667995262146,
        90.6199951171875
      ]
    },
    "SpTREff": {
      "min": 18.0,
      "max": 27.0,
      "lookup": [
        18.0,
        18.45,
        18.9,
        19.35,
        19.8,
        20.25,
        20.7,
        21.15,
        21.6,
        22.05,
        22.5,
        22.95,
        23.4,
        23.85,
        24.3,
        24.75,
        25.2,
        25.65,
        26.1,
        26.55,
        27.0
      ]
    },
    "TempSp2": {
      "min": 16.279998779296875,
      "max": 22.13500022888184,
      "lookup": [
        16.279998779296875,
        16.572748851776122,
        16.86549892425537,
        17.15824899673462,
        17.450999069213868,
        17.743749141693115,
        18.036499214172366,
        18.329249286651613,
        18.62199935913086,
        18.914749431610108,
        19.207499504089355,
        19.500249576568606,
        19.792999649047854,
        20.0857497215271,
        20.378499794006352,
        20.6712498664856,
        20.963999938964847,
        21.256750011444094,
        21.54950008392334,
        21.842250156402592,
        22.13500022888184
      ]
    }
  }
}