{
  "equipment_id": "Ahu1",
  "target_column": "FbVFD",
  "selected_features": [
    "CMDSpdVFD",
    "PIDVFD",
    "CmdCHW",
    "PIDTR",
    "SpTROcc",
    "SpTREff",
    "hour",
    "TSu",
    "TsOn",
    "HuSu",
    "CmdVFD",
    "StaFlw",
    "StaVFDSf",
    "TempSp1",
    "TrAvg",
    "week_number",
    "TempSp2",
    "HuAvg1",
    "month",
    "Co2RA",
    "HuR2"
  ],
  "feature_scores": {
    "CMDSpdVFD": {
      "correlation": 0.9974982720859239,
      "mutual_info": 2.0734453058128586
    },
    "PIDVFD": {
      "correlation": 0.992280154427461,
      "mutual_info": 1.896205182922626
    },
    "CmdCHW": {
      "correlation": 0.7576786160153735,
      "mutual_info": 1.4404612518076467
    },
    "PIDTR": {
      "correlation": 0.7448171795180217,
      "mutual_info": 1.3310587478388087
    },
    "SpTROcc": {
      "correlation": -0.7877562901896649,
      "mutual_info": 0.9634129885616103
    },
    "SpTREff": {
      "correlation": -0.7877562901896649,
      "mutual_info": 0.9519539391331393
    },
    "hour": {
      "correlation": 0.4153718010281536,
      "mutual_info": 0.8402110706444295
    },
    "TSu": {
      "correlation": -0.3002273411025167,
      "mutual_info": 0.6511279362285736
    },
    "TsOn": {
      "correlation": 0.5937665916889824,
      "mutual_info": 0.49254516348201194
    },
    "HuSu": {
      "correlation": 0.25437294905037033,
      "mutual_info": 0.4537170184244754
    },
    "CmdVFD": {
      "correlation": -0.7915183458848626,
      "mutual_info": 0.41122894169254676
    },
    "StaFlw": {
      "correlation": -0.7915183458848626,
      "mutual_info": 0.412419876303441
    },
    "StaVFDSf": {
      "correlation": -0.7915183458848626,
      "mutual_info": 0.41774695667353257
    },
    "TempSp1": {
      "correlation": -0.44210529477628646,
      "mutual_info": 0.3310824161568071
    },
    "TrAvg": {
      "correlation": -0.37496916898990734,
      "mutual_info": 0.29726126647133544
    },
    "week_number": {
      "correlation": -0.2515720789475409,
      "mutual_info": 0.28143464236151683
    },
    "TempSp2": {
      "correlation": -0.23519903224228364,
      "mutual_info": 0.3139427578061449
    },
    "HuAvg1": {
      "correlation": 0.2306413043513908,
      "mutual_info": 0.1897456155419297
    },
    "month": {
      "correlation": -0.2262031405525027,
      "mutual_info": 0.17802469434242818
    },
    "Co2RA": {
      "correlation": 0.22601579045973205,
      "mutual_info": 0.25162980894381803
    },
    "HuR2": {
      "correlation": 0.19828966167223624,
      "mutual_info": 0.20448333225978832
    }
  },
  "setpoints": [
    "HuR2",
    "SpTREff",
    "TempSp2"
  ],
  "setpoint_ranges": {
    "HuR2": {
      "min": 59.209999084472656,
      "max": 88.37999725341797,
      "lookup": [
        59.209999084472656,
        60.66849899291992,
        62.12699890136719,
        63.58549880981445,
        65.04399871826172,
        66.50249862670898,
        67.96099853515625,
        69.41949844360352,
        70.87799835205078,
        72.33649826049805,
        73.79499816894531,
        75.25349807739258,
        76.71199798583984,
        78.17049789428711,
        79.62899780273438,
        81.08749771118164,
        82.5459976196289,
        84.00449752807617,
        85.46299743652344,
        86.9214973449707,
        88.37999725341797
      ]
    },
    "SpTREff": {
      "min": 18.0,
      "max": 27.0,
      "lookup": [
        18.0,
        18.45,
        18.9,
        19.35,
        19.8,
        20.25,
        20.7,
        21.15,
        21.6,
        22.05,
        22.5,
        22.95,
        23.4,
        23.85,
        24.3,
        24.75,
        25.2,
        25.65,
        26.1,
        26.55,
        27.0
      ]
    },
    "TempSp2": {
      "min": 16.795000076293945,
      "max": 22.71999931335449,
      "lookup": [
        16.795000076293945,
        17.091250038146974,
        17.3875,
        17.683749961853028,
        17.979999923706053,
        18.276249885559082,
        18.572499847412107,
        18.868749809265136,
        19.16499977111816,
        19.46124973297119,
        19.75749969482422,
        20.053749656677244,
        20.34999961853027,
        20.646249580383298,
        20.942499542236327,
        21.238749504089352,
        21.53499946594238,
        21.831249427795406,
        22.127499389648435,
        22.423749351501463,
        22.71999931335449
      ]
    }
  }
}